<?xml version="1.0"?>
<opencv_storage>
<cascade>
  <stageType>BOOST</stageType>
  <featureType>HAAR</featureType>
  <height>40</height>
  <width>30</width>
  <stageParams>
    <boostType>GAB</boostType>
    <minHitRate>9.9500000476837158e-01</minHitRate>
    <maxFalseAlarm>5.0000000000000000e-01</maxFalseAlarm>
    <weightTrimRate>9.4999998807907104e-01</weightTrimRate>
    <maxDepth>1</maxDepth>
    <maxWeakCount>100</maxWeakCount></stageParams>
  <featureParams>
    <maxCatCount>0</maxCatCount>
    <featSize>1</featSize>
    <mode>BASIC</mode></featureParams>
  <stageNum>13</stageNum>
  <stages>
    <!-- stage 0 -->
    <_>
      <maxWeakCount>5</maxWeakCount>
      <stageThreshold>-1.3152550458908081e+00</stageThreshold>
      <weakClassifiers>
        <_>
          <internalNodes>
            0 -1 15 -5.9757821261882782e-02</internalNodes>
          <leafValues>
            7.4712646007537842e-01 -9.0742528438568115e-01</leafValues></_>
        <_>
          <internalNodes>
            0 -1 30 -1.0000856965780258e-01</internalNodes>
          <leafValues>
            5.6005275249481201e-01 -8.4190493822097778e-01</leafValues></_>
        <_>
          <internalNodes>
            0 -1 21 -1.1963531374931335e-01</internalNodes>
          <leafValues>
            7.1619814634323120e-01 -7.5510418415069580e-01</leafValues></_>
        <_>
          <internalNodes>
            0 -1 29 4.6097734011709690e-03</internalNodes>
          <leafValues>
            -9.9658703804016113e-01 3.2874837517738342e-01</leafValues></_>
        <_>
          <internalNodes>
            0 -1 52 -1.4875169843435287e-02</internalNodes>
          <leafValues>
            8.6043089628219604e-01 -5.0353044271469116e-01</leafValues></_></weakClassifiers></_>
    <!-- stage 1 -->
    <_>
      <maxWeakCount>5</maxWeakCount>
      <stageThreshold>-1.6202543973922729e+00</stageThreshold>
      <weakClassifiers>
        <_>
          <internalNodes>
            0 -1 34 -2.5671768188476563e-01</internalNodes>
          <leafValues>
            8.4615385532379150e-01 -8.5820895433425903e-01</leafValues></_>
        <_>
          <internalNodes>
            0 -1 54 -9.1757848858833313e-03</internalNodes>
          <leafValues>
            2.9566955566406250e-01 -8.0576688051223755e-01</leafValues></_>
        <_>
          <internalNodes>
            0 -1 19 1.6353486105799675e-02</internalNodes>
          <leafValues>
            -5.8060038089752197e-01 5.8624893426895142e-01</leafValues></_>
        <_>
          <internalNodes>
            0 -1 10 -6.7931250669062138e-05</internalNodes>
          <leafValues>
            3.8142591714859009e-01 -8.3084994554519653e-01</leafValues></_>
        <_>
          <internalNodes>
            0 -1 7 -4.2764571844600141e-04</internalNodes>
          <leafValues>
            3.5373541712760925e-01 -7.9728680849075317e-01</leafValues></_></weakClassifiers></_>
    <!-- stage 2 -->
    <_>
      <maxWeakCount>6</maxWeakCount>
      <stageThreshold>-1.8184851408004761e+00</stageThreshold>
      <weakClassifiers>
        <_>
          <internalNodes>
            0 -1 31 3.1940013170242310e-01</internalNodes>
          <leafValues>
            -8.7654322385787964e-01 6.6197180747985840e-01</leafValues></_>
        <_>
          <internalNodes>
            0 -1 61 3.0187102966010571e-03</internalNodes>
          <leafValues>
            -6.4439117908477783e-01 5.3109705448150635e-01</leafValues></_>
        <_>
          <internalNodes>
            0 -1 14 8.5424045100808144e-03</internalNodes>
          <leafValues>
            -9.1455352306365967e-01 2.7299726009368896e-01</leafValues></_>
        <_>
          <internalNodes>
            0 -1 20 -1.4210578054189682e-02</internalNodes>
          <leafValues>
            5.5668848752975464e-01 -5.3962653875350952e-01</leafValues></_>
        <_>
          <internalNodes>
            0 -1 26 -4.5129843056201935e-03</internalNodes>
          <leafValues>
            6.9491124153137207e-01 -3.8391396403312683e-01</leafValues></_>
        <_>
          <internalNodes>
            0 -1 0 -2.1950662136077881e-02</internalNodes>
          <leafValues>
            3.6505499482154846e-01 -9.2145198583602905e-01</leafValues></_></weakClassifiers></_>
    <!-- stage 3 -->
    <_>
      <maxWeakCount>4</maxWeakCount>
      <stageThreshold>-1.5306302309036255e+00</stageThreshold>
      <weakClassifiers>
        <_>
          <internalNodes>
            0 -1 22 1.4088857173919678e-01</internalNodes>
          <leafValues>
            -8.8257938623428345e-01 4.8235294222831726e-01</leafValues></_>
        <_>
          <internalNodes>
            0 -1 13 -3.4050323069095612e-02</internalNodes>
          <leafValues>
            5.6232994794845581e-01 -6.7335546016693115e-01</leafValues></_>
        <_>
          <internalNodes>
            0 -1 33 -7.8283455222845078e-03</internalNodes>
          <leafValues>
            4.8138022422790527e-01 -6.6693443059921265e-01</leafValues></_>
        <_>
          <internalNodes>
            0 -1 16 -6.3801696524024010e-03</internalNodes>
          <leafValues>
            7.0430195331573486e-01 -4.5607563853263855e-01</leafValues></_></weakClassifiers></_>
    <!-- stage 4 -->
    <_>
      <maxWeakCount>5</maxWeakCount>
      <stageThreshold>-1.6145232915878296e+00</stageThreshold>
      <weakClassifiers>
        <_>
          <internalNodes>
            0 -1 35 -2.5838875770568848e-01</internalNodes>
          <leafValues>
            6.3999998569488525e-01 -8.4543764591217041e-01</leafValues></_>
        <_>
          <internalNodes>
            0 -1 40 2.0312786102294922e-02</internalNodes>
          <leafValues>
            -5.7862472534179688e-01 5.6351244449615479e-01</leafValues></_>
        <_>
          <internalNodes>
            0 -1 8 -3.7270705215632915e-03</internalNodes>
          <leafValues>
            3.9119699597358704e-01 -6.6354483366012573e-01</leafValues></_>
        <_>
          <internalNodes>
            0 -1 42 -9.4585283659398556e-04</internalNodes>
          <leafValues>
            -9.5865362882614136e-01 2.8111591935157776e-01</leafValues></_>
        <_>
          <internalNodes>
            0 -1 47 3.7331110797822475e-03</internalNodes>
          <leafValues>
            1.9196796417236328e-01 -9.7594738006591797e-01</leafValues></_></weakClassifiers></_>
    <!-- stage 5 -->
    <_>
      <maxWeakCount>4</maxWeakCount>
      <stageThreshold>-9.9327093362808228e-01</stageThreshold>
      <weakClassifiers>
        <_>
          <internalNodes>
            0 -1 57 2.0655108615756035e-02</internalNodes>
          <leafValues>
            -8.4097290039062500e-01 4.1818180680274963e-01</leafValues></_>
        <_>
          <internalNodes>
            0 -1 60 1.1964855715632439e-02</internalNodes>
          <leafValues>
            -6.1386054754257202e-01 4.6347519755363464e-01</leafValues></_>
        <_>
          <internalNodes>
            0 -1 46 -2.5713746435940266e-03</internalNodes>
          <leafValues>
            2.5607222318649292e-01 -8.0822300910949707e-01</leafValues></_>
        <_>
          <internalNodes>
            0 -1 17 2.2308973129838705e-03</internalNodes>
          <leafValues>
            2.0549026131629944e-01 -1.</leafValues></_></weakClassifiers></_>
    <!-- stage 6 -->
    <_>
      <maxWeakCount>5</maxWeakCount>
      <stageThreshold>-1.4811160564422607e+00</stageThreshold>
      <weakClassifiers>
        <_>
          <internalNodes>
            0 -1 38 1.3651734590530396e-01</internalNodes>
          <leafValues>
            -8.4688091278076172e-01 3.0303031206130981e-01</leafValues></_>
        <_>
          <internalNodes>
            0 -1 6 -8.2181785255670547e-03</internalNodes>
          <leafValues>
            5.4422479867935181e-01 -5.8269590139389038e-01</leafValues></_>
        <_>
          <internalNodes>
            0 -1 23 -1.6456730663776398e-02</internalNodes>
          <leafValues>
            3.8824349641799927e-01 -6.3124793767929077e-01</leafValues></_>
        <_>
          <internalNodes>
            0 -1 37 4.9982448108494282e-03</internalNodes>
          <leafValues>
            -6.7933255434036255e-01 4.0091809630393982e-01</leafValues></_>
        <_>
          <internalNodes>
            0 -1 48 1.3807276263833046e-03</internalNodes>
          <leafValues>
            2.3954980075359344e-01 -9.6188282966613770e-01</leafValues></_></weakClassifiers></_>
    <!-- stage 7 -->
    <_>
      <maxWeakCount>6</maxWeakCount>
      <stageThreshold>-1.6964646577835083e+00</stageThreshold>
      <weakClassifiers>
        <_>
          <internalNodes>
            0 -1 44 -2.7009007334709167e-01</internalNodes>
          <leafValues>
            4.2857143282890320e-01 -8.3441859483718872e-01</leafValues></_>
        <_>
          <internalNodes>
            0 -1 41 1.6427751630544662e-02</internalNodes>
          <leafValues>
            -6.4522069692611694e-01 2.9487302899360657e-01</leafValues></_>
        <_>
          <internalNodes>
            0 -1 3 -4.1138222441077232e-03</internalNodes>
          <leafValues>
            4.6158984303474426e-01 -4.5620560646057129e-01</leafValues></_>
        <_>
          <internalNodes>
            0 -1 27 -1.3058343902230263e-03</internalNodes>
          <leafValues>
            -8.5153341293334961e-01 2.7500963211059570e-01</leafValues></_>
        <_>
          <internalNodes>
            0 -1 36 1.5812046825885773e-02</internalNodes>
          <leafValues>
            -3.2639336585998535e-01 7.4027442932128906e-01</leafValues></_>
        <_>
          <internalNodes>
            0 -1 62 -2.5826954515650868e-04</internalNodes>
          <leafValues>
            -9.3728601932525635e-01 2.9076394438743591e-01</leafValues></_></weakClassifiers></_>
    <!-- stage 8 -->
    <_>
      <maxWeakCount>5</maxWeakCount>
      <stageThreshold>-1.6191858053207397e+00</stageThreshold>
      <weakClassifiers>
        <_>
          <internalNodes>
            0 -1 11 -4.4542796909809113e-02</internalNodes>
          <leafValues>
            9.3457940965890884e-03 -8.6234021186828613e-01</leafValues></_>
        <_>
          <internalNodes>
            0 -1 25 -1.1031014844775200e-02</internalNodes>
          <leafValues>
            2.7080619335174561e-01 -6.3096851110458374e-01</leafValues></_>
        <_>
          <internalNodes>
            0 -1 5 -6.5495427697896957e-03</internalNodes>
          <leafValues>
            4.8255765438079834e-01 -5.1782339811325073e-01</leafValues></_>
        <_>
          <internalNodes>
            0 -1 63 -1.7045604181475937e-04</internalNodes>
          <leafValues>
            -8.6489176750183105e-01 2.5125426054000854e-01</leafValues></_>
        <_>
          <internalNodes>
            0 -1 18 4.1432268917560577e-03</internalNodes>
          <leafValues>
            2.5645697116851807e-01 -7.4367004632949829e-01</leafValues></_></weakClassifiers></_>
    <!-- stage 9 -->
    <_>
      <maxWeakCount>6</maxWeakCount>
      <stageThreshold>-1.8507158756256104e+00</stageThreshold>
      <weakClassifiers>
        <_>
          <internalNodes>
            0 -1 32 6.3076280057430267e-02</internalNodes>
          <leafValues>
            -8.3849763870239258e-01 2.8813558816909790e-01</leafValues></_>
        <_>
          <internalNodes>
            0 -1 43 -1.8732443451881409e-02</internalNodes>
          <leafValues>
            9.2849686741828918e-02 -7.4853152036666870e-01</leafValues></_>
        <_>
          <internalNodes>
            0 -1 1 -3.2287735491991043e-02</internalNodes>
          <leafValues>
            5.0022387504577637e-01 -5.2083802223205566e-01</leafValues></_>
        <_>
          <internalNodes>
            0 -1 66 1.0458357632160187e-02</internalNodes>
          <leafValues>
            2.7347421646118164e-01 -9.0179318189620972e-01</leafValues></_>
        <_>
          <internalNodes>
            0 -1 28 5.2104634232819080e-03</internalNodes>
          <leafValues>
            -3.1953784823417664e-01 7.1320199966430664e-01</leafValues></_>
        <_>
          <internalNodes>
            0 -1 50 -8.9316312223672867e-03</internalNodes>
          <leafValues>
            -8.7634158134460449e-01 3.0321496725082397e-01</leafValues></_></weakClassifiers></_>
    <!-- stage 10 -->
    <_>
      <maxWeakCount>5</maxWeakCount>
      <stageThreshold>-1.3767007589340210e+00</stageThreshold>
      <weakClassifiers>
        <_>
          <internalNodes>
            0 -1 51 -1.0911846533417702e-02</internalNodes>
          <leafValues>
            2.3333333432674408e-01 -8.3646619319915771e-01</leafValues></_>
        <_>
          <internalNodes>
            0 -1 55 1.9606284797191620e-02</internalNodes>
          <leafValues>
            -5.7600295543670654e-01 3.9869996905326843e-01</leafValues></_>
        <_>
          <internalNodes>
            0 -1 4 -2.3588348180055618e-02</internalNodes>
          <leafValues>
            2.4872207641601563e-01 -7.1751689910888672e-01</leafValues></_>
        <_>
          <internalNodes>
            0 -1 45 -5.3220018744468689e-03</internalNodes>
          <leafValues>
            8.2227736711502075e-01 -2.7421465516090393e-01</leafValues></_>
        <_>
          <internalNodes>
            0 -1 67 1.6801209421828389e-03</internalNodes>
          <leafValues>
            2.4991376698017120e-01 -9.1344201564788818e-01</leafValues></_></weakClassifiers></_>
    <!-- stage 11 -->
    <_>
      <maxWeakCount>7</maxWeakCount>
      <stageThreshold>-1.5680985450744629e+00</stageThreshold>
      <weakClassifiers>
        <_>
          <internalNodes>
            0 -1 59 -2.8490111231803894e-02</internalNodes>
          <leafValues>
            1.6923077404499054e-01 -8.3758264780044556e-01</leafValues></_>
        <_>
          <internalNodes>
            0 -1 2 1.2782258912920952e-02</internalNodes>
          <leafValues>
            -5.4296135902404785e-01 5.1481938362121582e-01</leafValues></_>
        <_>
          <internalNodes>
            0 -1 39 -7.7037572860717773e-02</internalNodes>
          <leafValues>
            3.7818643450737000e-01 -5.6778067350387573e-01</leafValues></_>
        <_>
          <internalNodes>
            0 -1 65 -1.6701386775821447e-03</internalNodes>
          <leafValues>
            -7.5001615285873413e-01 3.0212917923927307e-01</leafValues></_>
        <_>
          <internalNodes>
            0 -1 9 -8.8258262258023024e-04</internalNodes>
          <leafValues>
            2.5931656360626221e-01 -7.8661763668060303e-01</leafValues></_>
        <_>
          <internalNodes>
            0 -1 64 4.7761740279383957e-04</internalNodes>
          <leafValues>
            2.6769691705703735e-01 -7.4707305431365967e-01</leafValues></_>
        <_>
          <internalNodes>
            0 -1 24 -6.6121546551585197e-03</internalNodes>
          <leafValues>
            6.5826225280761719e-01 -3.4273824095726013e-01</leafValues></_></weakClassifiers></_>
    <!-- stage 12 -->
    <_>
      <maxWeakCount>5</maxWeakCount>
      <stageThreshold>-1.3691483736038208e+00</stageThreshold>
      <weakClassifiers>
        <_>
          <internalNodes>
            0 -1 12 2.0642062649130821e-02</internalNodes>
          <leafValues>
            -8.4135979413986206e-01 2.3076923191547394e-01</leafValues></_>
        <_>
          <internalNodes>
            0 -1 53 1.8784662242978811e-03</internalNodes>
          <leafValues>
            -7.1228188276290894e-01 1.7950339615345001e-01</leafValues></_>
        <_>
          <internalNodes>
            0 -1 58 -3.8572116754949093e-03</internalNodes>
          <leafValues>
            5.4313808679580688e-01 -4.9704501032829285e-01</leafValues></_>
        <_>
          <internalNodes>
            0 -1 56 -6.7204246297478676e-03</internalNodes>
          <leafValues>
            5.3098535537719727e-01 -4.1342395544052124e-01</leafValues></_>
        <_>
          <internalNodes>
            0 -1 49 5.3612241754308343e-04</internalNodes>
          <leafValues>
            2.5537276268005371e-01 -8.6895203590393066e-01</leafValues></_></weakClassifiers></_></stages>
  <features>
    <_>
      <rects>
        <_>
          0 0 5 40 -1.</_>
        <_>
          0 20 5 20 2.</_></rects>
      <tilted>0</tilted></_>
    <_>
      <rects>
        <_>
          0 2 14 14 -1.</_>
        <_>
          0 2 7 7 2.</_>
        <_>
          7 9 7 7 2.</_></rects>
      <tilted>0</tilted></_>
    <_>
      <rects>
        <_>
          0 7 16 2 -1.</_>
        <_>
          8 7 8 2 2.</_></rects>
      <tilted>0</tilted></_>
    <_>
      <rects>
        <_>
          0 12 14 1 -1.</_>
        <_>
          7 12 7 1 2.</_></rects>
      <tilted>0</tilted></_>
    <_>
      <rects>
        <_>
          0 16 7 24 -1.</_>
        <_>
          0 28 7 12 2.</_></rects>
      <tilted>0</tilted></_>
    <_>
      <rects>
        <_>
          0 21 6 18 -1.</_>
        <_>
          2 21 2 18 3.</_></rects>
      <tilted>0</tilted></_>
    <_>
      <rects>
        <_>
          0 28 4 8 -1.</_>
        <_>
          2 28 2 8 2.</_></rects>
      <tilted>0</tilted></_>
    <_>
      <rects>
        <_>
          0 31 2 9 -1.</_>
        <_>
          1 31 1 9 2.</_></rects>
      <tilted>0</tilted></_>
    <_>
      <rects>
        <_>
          0 35 6 5 -1.</_>
        <_>
          3 35 3 5 2.</_></rects>
      <tilted>0</tilted></_>
    <_>
      <rects>
        <_>
          0 38 20 1 -1.</_>
        <_>
          10 38 10 1 2.</_></rects>
      <tilted>0</tilted></_>
    <_>
      <rects>
        <_>
          0 39 20 1 -1.</_>
        <_>
          10 39 10 1 2.</_></rects>
      <tilted>0</tilted></_>
    <_>
      <rects>
        <_>
          1 4 12 12 -1.</_>
        <_>
          1 4 6 6 2.</_>
        <_>
          7 10 6 6 2.</_></rects>
      <tilted>0</tilted></_>
    <_>
      <rects>
        <_>
          1 24 9 10 -1.</_>
        <_>
          4 24 3 10 3.</_></rects>
      <tilted>0</tilted></_>
    <_>
      <rects>
        <_>
          1 33 25 6 -1.</_>
        <_>
          1 35 25 2 3.</_></rects>
      <tilted>0</tilted></_>
    <_>
      <rects>
        <_>
          2 22 22 9 -1.</_>
        <_>
          13 22 11 9 2.</_></rects>
      <tilted>0</tilted></_>
    <_>
      <rects>
        <_>
          2 31 23 9 -1.</_>
        <_>
          2 34 23 3 3.</_></rects>
      <tilted>0</tilted></_>
    <_>
      <rects>
        <_>
          2 36 28 3 -1.</_>
        <_>
          2 37 28 1 3.</_></rects>
      <tilted>0</tilted></_>
    <_>
      <rects>
        <_>
          2 37 18 3 -1.</_>
        <_>
          8 37 6 3 3.</_></rects>
      <tilted>0</tilted></_>
    <_>
      <rects>
        <_>
          2 39 26 1 -1.</_>
        <_>
          15 39 13 1 2.</_></rects>
      <tilted>0</tilted></_>
    <_>
      <rects>
        <_>
          3 8 6 26 -1.</_>
        <_>
          3 8 3 13 2.</_>
        <_>
          6 21 3 13 2.</_></rects>
      <tilted>0</tilted></_>
    <_>
      <rects>
        <_>
          3 12 12 9 -1.</_>
        <_>
          3 15 12 3 3.</_></rects>
      <tilted>0</tilted></_>
    <_>
      <rects>
        <_>
          3 25 25 14 -1.</_>
        <_>
          3 32 25 7 2.</_></rects>
      <tilted>0</tilted></_>
    <_>
      <rects>
        <_>
          4 15 20 15 -1.</_>
        <_>
          4 20 20 5 3.</_></rects>
      <tilted>0</tilted></_>
    <_>
      <rects>
        <_>
          4 25 5 12 -1.</_>
        <_>
          4 31 5 6 2.</_></rects>
      <tilted>0</tilted></_>
    <_>
      <rects>
        <_>
          4 35 24 3 -1.</_>
        <_>
          4 36 24 1 3.</_></rects>
      <tilted>0</tilted></_>
    <_>
      <rects>
        <_>
          5 22 12 11 -1.</_>
        <_>
          9 22 4 11 3.</_></rects>
      <tilted>0</tilted></_>
    <_>
      <rects>
        <_>
          5 36 15 3 -1.</_>
        <_>
          5 37 15 1 3.</_></rects>
      <tilted>0</tilted></_>
    <_>
      <rects>
        <_>
          5 38 12 1 -1.</_>
        <_>
          9 38 4 1 3.</_></rects>
      <tilted>0</tilted></_>
    <_>
      <rects>
        <_>
          6 24 23 3 -1.</_>
        <_>
          6 25 23 1 3.</_></rects>
      <tilted>0</tilted></_>
    <_>
      <rects>
        <_>
          6 33 24 6 -1.</_>
        <_>
          18 33 12 6 2.</_></rects>
      <tilted>0</tilted></_>
    <_>
      <rects>
        <_>
          7 2 18 14 -1.</_>
        <_>
          7 9 18 7 2.</_></rects>
      <tilted>0</tilted></_>
    <_>
      <rects>
        <_>
          7 11 18 24 -1.</_>
        <_>
          7 19 18 8 3.</_></rects>
      <tilted>0</tilted></_>
    <_>
      <rects>
        <_>
          7 18 16 9 -1.</_>
        <_>
          7 21 16 3 3.</_></rects>
      <tilted>0</tilted></_>
    <_>
      <rects>
        <_>
          8 1 1 24 -1.</_>
        <_>
          8 9 1 8 3.</_></rects>
      <tilted>0</tilted></_>
    <_>
      <rects>
        <_>
          8 4 13 21 -1.</_>
        <_>
          8 11 13 7 3.</_></rects>
      <tilted>0</tilted></_>
    <_>
      <rects>
        <_>
          8 5 14 18 -1.</_>
        <_>
          8 11 14 6 3.</_></rects>
      <tilted>0</tilted></_>
    <_>
      <rects>
        <_>
          8 24 14 6 -1.</_>
        <_>
          8 26 14 2 3.</_></rects>
      <tilted>0</tilted></_>
    <_>
      <rects>
        <_>
          9 0 10 9 -1.</_>
        <_>
          9 3 10 3 3.</_></rects>
      <tilted>0</tilted></_>
    <_>
      <rects>
        <_>
          9 0 14 15 -1.</_>
        <_>
          9 5 14 5 3.</_></rects>
      <tilted>0</tilted></_>
    <_>
      <rects>
        <_>
          9 2 20 12 -1.</_>
        <_>
          9 8 20 6 2.</_></rects>
      <tilted>0</tilted></_>
    <_>
      <rects>
        <_>
          9 23 14 6 -1.</_>
        <_>
          9 25 14 2 3.</_></rects>
      <tilted>0</tilted></_>
    <_>
      <rects>
        <_>
          9 36 20 4 -1.</_>
        <_>
          9 38 20 2 2.</_></rects>
      <tilted>0</tilted></_>
    <_>
      <rects>
        <_>
          10 5 10 11 -1.</_>
        <_>
          15 5 5 11 2.</_></rects>
      <tilted>0</tilted></_>
    <_>
      <rects>
        <_>
          10 30 8 8 -1.</_>
        <_>
          10 34 8 4 2.</_></rects>
      <tilted>0</tilted></_>
    <_>
      <rects>
        <_>
          11 4 11 21 -1.</_>
        <_>
          11 11 11 7 3.</_></rects>
      <tilted>0</tilted></_>
    <_>
      <rects>
        <_>
          11 33 15 3 -1.</_>
        <_>
          11 34 15 1 3.</_></rects>
      <tilted>0</tilted></_>
    <_>
      <rects>
        <_>
          11 36 18 4 -1.</_>
        <_>
          17 36 6 4 3.</_></rects>
      <tilted>0</tilted></_>
    <_>
      <rects>
        <_>
          12 2 6 10 -1.</_>
        <_>
          15 2 3 10 2.</_></rects>
      <tilted>0</tilted></_>
    <_>
      <rects>
        <_>
          12 5 4 10 -1.</_>
        <_>
          12 5 2 5 2.</_>
        <_>
          14 10 2 5 2.</_></rects>
      <tilted>0</tilted></_>
    <_>
      <rects>
        <_>
          12 6 6 2 -1.</_>
        <_>
          14 6 2 2 3.</_></rects>
      <tilted>0</tilted></_>
    <_>
      <rects>
        <_>
          12 6 10 18 -1.</_>
        <_>
          12 6 5 9 2.</_>
        <_>
          17 15 5 9 2.</_></rects>
      <tilted>0</tilted></_>
    <_>
      <rects>
        <_>
          12 23 7 4 -1.</_>
        <_>
          12 25 7 2 2.</_></rects>
      <tilted>0</tilted></_>
    <_>
      <rects>
        <_>
          12 34 11 6 -1.</_>
        <_>
          12 36 11 2 3.</_></rects>
      <tilted>0</tilted></_>
    <_>
      <rects>
        <_>
          14 1 4 6 -1.</_>
        <_>
          14 3 4 2 3.</_></rects>
      <tilted>0</tilted></_>
    <_>
      <rects>
        <_>
          15 34 15 5 -1.</_>
        <_>
          20 34 5 5 3.</_></rects>
      <tilted>0</tilted></_>
    <_>
      <rects>
        <_>
          18 14 1 24 -1.</_>
        <_>
          18 22 1 8 3.</_></rects>
      <tilted>0</tilted></_>
    <_>
      <rects>
        <_>
          20 4 9 8 -1.</_>
        <_>
          23 4 3 8 3.</_></rects>
      <tilted>0</tilted></_>
    <_>
      <rects>
        <_>
          20 5 6 12 -1.</_>
        <_>
          20 5 3 6 2.</_>
        <_>
          23 11 3 6 2.</_></rects>
      <tilted>0</tilted></_>
    <_>
      <rects>
        <_>
          20 36 10 4 -1.</_>
        <_>
          20 36 5 2 2.</_>
        <_>
          25 38 5 2 2.</_></rects>
      <tilted>0</tilted></_>
    <_>
      <rects>
        <_>
          21 19 9 11 -1.</_>
        <_>
          24 19 3 11 3.</_></rects>
      <tilted>0</tilted></_>
    <_>
      <rects>
        <_>
          23 11 6 7 -1.</_>
        <_>
          26 11 3 7 2.</_></rects>
      <tilted>0</tilted></_>
    <_>
      <rects>
        <_>
          25 9 2 13 -1.</_>
        <_>
          26 9 1 13 2.</_></rects>
      <tilted>0</tilted></_>
    <_>
      <rects>
        <_>
          26 38 3 2 -1.</_>
        <_>
          26 39 3 1 2.</_></rects>
      <tilted>0</tilted></_>
    <_>
      <rects>
        <_>
          27 37 2 3 -1.</_>
        <_>
          27 38 2 1 3.</_></rects>
      <tilted>0</tilted></_>
    <_>
      <rects>
        <_>
          28 2 2 6 -1.</_>
        <_>
          28 5 2 3 2.</_></rects>
      <tilted>0</tilted></_>
    <_>
      <rects>
        <_>
          28 2 2 12 -1.</_>
        <_>
          28 8 2 6 2.</_></rects>
      <tilted>0</tilted></_>
    <_>
      <rects>
        <_>
          28 5 2 33 -1.</_>
        <_>
          28 16 2 11 3.</_></rects>
      <tilted>0</tilted></_>
    <_>
      <rects>
        <_>
          29 25 1 15 -1.</_>
        <_>
          29 30 1 5 3.</_></rects>
      <tilted>0</tilted></_></features></cascade>
</opencv_storage>
