<?xml version="1.0"?>
<opencv_storage>
<cascade>
  <stageType>BOOST</stageType>
  <featureType>HAAR</featureType>
  <height>70</height>
  <width>50</width>
  <stageParams>
    <boostType>GAB</boostType>
    <minHitRate>9.9500000476837158e-01</minHitRate>
    <maxFalseAlarm>5.0000000000000000e-01</maxFalseAlarm>
    <weightTrimRate>9.4999998807907104e-01</weightTrimRate>
    <maxDepth>1</maxDepth>
    <maxWeakCount>100</maxWeakCount></stageParams>
  <featureParams>
    <maxCatCount>0</maxCatCount>
    <featSize>1</featSize>
    <mode>BASIC</mode></featureParams>
  <stageNum>14</stageNum>
  <stages>
    <!-- stage 0 -->
    <_>
      <maxWeakCount>3</maxWeakCount>
      <stageThreshold>-1.2710715532302856e+00</stageThreshold>
      <weakClassifiers>
        <_>
          <internalNodes>
            0 -1 50 4.1426301002502441e-02</internalNodes>
          <leafValues>
            -9.1748100519180298e-01 3.0769231915473938e-01</leafValues></_>
        <_>
          <internalNodes>
            0 -1 2 -1.4683194458484650e-02</internalNodes>
          <leafValues>
            5.0489115715026855e-01 -7.5834834575653076e-01</leafValues></_>
        <_>
          <internalNodes>
            0 -1 21 -7.2950653731822968e-02</internalNodes>
          <leafValues>
            4.6920487284660339e-01 -8.2041549682617188e-01</leafValues></_></weakClassifiers></_>
    <!-- stage 1 -->
    <_>
      <maxWeakCount>5</maxWeakCount>
      <stageThreshold>-1.5995695590972900e+00</stageThreshold>
      <weakClassifiers>
        <_>
          <internalNodes>
            0 -1 23 -4.4745028018951416e-02</internalNodes>
          <leafValues>
            4.8223349452018738e-01 -7.8719395399093628e-01</leafValues></_>
        <_>
          <internalNodes>
            0 -1 38 5.0846282392740250e-02</internalNodes>
          <leafValues>
            -8.8251644372940063e-01 3.0702194571495056e-01</leafValues></_>
        <_>
          <internalNodes>
            0 -1 19 -3.3024147152900696e-02</internalNodes>
          <leafValues>
            5.2047127485275269e-01 -5.8777892589569092e-01</leafValues></_>
        <_>
          <internalNodes>
            0 -1 67 -2.5923880748450756e-03</internalNodes>
          <leafValues>
            4.0061902999877930e-01 -7.5578439235687256e-01</leafValues></_>
        <_>
          <internalNodes>
            0 -1 76 -4.4090447772759944e-05</internalNodes>
          <leafValues>
            -9.0707749128341675e-01 2.5730079412460327e-01</leafValues></_></weakClassifiers></_>
    <!-- stage 2 -->
    <_>
      <maxWeakCount>5</maxWeakCount>
      <stageThreshold>-1.3055737018585205e+00</stageThreshold>
      <weakClassifiers>
        <_>
          <internalNodes>
            0 -1 15 -1.1146561801433563e-01</internalNodes>
          <leafValues>
            2.0000000298023224e-01 -8.1409603357315063e-01</leafValues></_>
        <_>
          <internalNodes>
            0 -1 39 -1.5412008762359619e-01</internalNodes>
          <leafValues>
            7.8522557020187378e-01 -4.7138905525207520e-01</leafValues></_>
        <_>
          <internalNodes>
            0 -1 32 5.2397079765796661e-02</internalNodes>
          <leafValues>
            -6.8296080827713013e-01 3.6242160201072693e-01</leafValues></_>
        <_>
          <internalNodes>
            0 -1 74 2.2540711797773838e-03</internalNodes>
          <leafValues>
            2.2479707002639771e-01 -9.8630702495574951e-01</leafValues></_>
        <_>
          <internalNodes>
            0 -1 68 -8.1693474203348160e-03</internalNodes>
          <leafValues>
            5.9859347343444824e-01 -4.1029921174049377e-01</leafValues></_></weakClassifiers></_>
    <!-- stage 3 -->
    <_>
      <maxWeakCount>5</maxWeakCount>
      <stageThreshold>-9.7923576831817627e-01</stageThreshold>
      <weakClassifiers>
        <_>
          <internalNodes>
            0 -1 41 1.0664749145507813e-01</internalNodes>
          <leafValues>
            -7.5545024871826172e-01 2.7450981736183167e-01</leafValues></_>
        <_>
          <internalNodes>
            0 -1 25 -2.3481387645006180e-02</internalNodes>
          <leafValues>
            2.8051435947418213e-01 -7.6086139678955078e-01</leafValues></_>
        <_>
          <internalNodes>
            0 -1 12 5.2019880968146026e-05</internalNodes>
          <leafValues>
            1.8116259574890137e-01 -8.9549273252487183e-01</leafValues></_>
        <_>
          <internalNodes>
            0 -1 75 1.2723156251013279e-03</internalNodes>
          <leafValues>
            2.5993320345878601e-01 -8.3449321985244751e-01</leafValues></_>
        <_>
          <internalNodes>
            0 -1 83 2.1102591417729855e-03</internalNodes>
          <leafValues>
            2.2695279121398926e-01 -8.8092929124832153e-01</leafValues></_></weakClassifiers></_>
    <!-- stage 4 -->
    <_>
      <maxWeakCount>6</maxWeakCount>
      <stageThreshold>-1.1957306861877441e+00</stageThreshold>
      <weakClassifiers>
        <_>
          <internalNodes>
            0 -1 45 -1.4387123286724091e-02</internalNodes>
          <leafValues>
            6.4285713434219360e-01 -6.7659574747085571e-01</leafValues></_>
        <_>
          <internalNodes>
            0 -1 30 -1.0435682721436024e-02</internalNodes>
          <leafValues>
            2.2467829287052155e-01 -6.8172281980514526e-01</leafValues></_>
        <_>
          <internalNodes>
            0 -1 80 1.1973253276664764e-04</internalNodes>
          <leafValues>
            1.9618152081966400e-01 -8.4475499391555786e-01</leafValues></_>
        <_>
          <internalNodes>
            0 -1 78 2.2031832486391068e-05</internalNodes>
          <leafValues>
            2.2197197377681732e-01 -8.0960834026336670e-01</leafValues></_>
        <_>
          <internalNodes>
            0 -1 69 2.0062795374542475e-03</internalNodes>
          <leafValues>
            -3.3218327164649963e-01 6.4129668474197388e-01</leafValues></_>
        <_>
          <internalNodes>
            0 -1 13 -7.9931836808100343e-05</internalNodes>
          <leafValues>
            -8.9686232805252075e-01 2.4981787800788879e-01</leafValues></_></weakClassifiers></_>
    <!-- stage 5 -->
    <_>
      <maxWeakCount>6</maxWeakCount>
      <stageThreshold>-1.3129611015319824e+00</stageThreshold>
      <weakClassifiers>
        <_>
          <internalNodes>
            0 -1 42 8.5507221519947052e-03</internalNodes>
          <leafValues>
            -6.8707484006881714e-01 8.0722892284393311e-01</leafValues></_>
        <_>
          <internalNodes>
            0 -1 0 1.8890919818659313e-05</internalNodes>
          <leafValues>
            -8.8024705648422241e-01 1.3386285305023193e-01</leafValues></_>
        <_>
          <internalNodes>
            0 -1 64 2.0445995032787323e-02</internalNodes>
          <leafValues>
            -7.2913140058517456e-01 2.5389686226844788e-01</leafValues></_>
        <_>
          <internalNodes>
            0 -1 1 6.8853218108415604e-03</internalNodes>
          <leafValues>
            2.5136554241180420e-01 -8.4011429548263550e-01</leafValues></_>
        <_>
          <internalNodes>
            0 -1 70 8.2514006644487381e-03</internalNodes>
          <leafValues>
            -3.9468801021575928e-01 5.2135324478149414e-01</leafValues></_>
        <_>
          <internalNodes>
            0 -1 72 -1.4328388497233391e-02</internalNodes>
          <leafValues>
            -8.7032353878021240e-01 2.8894513845443726e-01</leafValues></_></weakClassifiers></_>
    <!-- stage 6 -->
    <_>
      <maxWeakCount>6</maxWeakCount>
      <stageThreshold>-1.5942320823669434e+00</stageThreshold>
      <weakClassifiers>
        <_>
          <internalNodes>
            0 -1 33 -5.7876044884324074e-03</internalNodes>
          <leafValues>
            5.8928573131561279e-01 -7.0357453823089600e-01</leafValues></_>
        <_>
          <internalNodes>
            0 -1 27 -1.0993978008627892e-02</internalNodes>
          <leafValues>
            4.8952567577362061e-01 -5.0395733118057251e-01</leafValues></_>
        <_>
          <internalNodes>
            0 -1 60 1.8763100961223245e-03</internalNodes>
          <leafValues>
            -2.9643401503562927e-01 7.8554028272628784e-01</leafValues></_>
        <_>
          <internalNodes>
            0 -1 28 -1.3216963969171047e-02</internalNodes>
          <leafValues>
            3.3697524666786194e-01 -6.3339692354202271e-01</leafValues></_>
        <_>
          <internalNodes>
            0 -1 47 -9.0317919850349426e-02</internalNodes>
          <leafValues>
            4.9334943294525146e-01 -4.1791343688964844e-01</leafValues></_>
        <_>
          <internalNodes>
            0 -1 65 -1.1236038058996201e-02</internalNodes>
          <leafValues>
            6.0306006669998169e-01 -3.3181613683700562e-01</leafValues></_></weakClassifiers></_>
    <!-- stage 7 -->
    <_>
      <maxWeakCount>5</maxWeakCount>
      <stageThreshold>-1.2546097040176392e+00</stageThreshold>
      <weakClassifiers>
        <_>
          <internalNodes>
            0 -1 51 7.8299753367900848e-03</internalNodes>
          <leafValues>
            -8.9540410041809082e-01 -2.8025478124618530e-01</leafValues></_>
        <_>
          <internalNodes>
            0 -1 26 -6.7926840856671333e-03</internalNodes>
          <leafValues>
            -8.6468923091888428e-01 4.2637526988983154e-02</leafValues></_>
        <_>
          <internalNodes>
            0 -1 79 -5.0736265257000923e-04</internalNodes>
          <leafValues>
            -9.3118339776992798e-01 1.2425409257411957e-01</leafValues></_>
        <_>
          <internalNodes>
            0 -1 82 3.6878394894301891e-04</internalNodes>
          <leafValues>
            2.1737709641456604e-01 -7.6536923646926880e-01</leafValues></_>
        <_>
          <internalNodes>
            0 -1 31 -4.2842570692300797e-03</internalNodes>
          <leafValues>
            4.6764382719993591e-01 -3.7587729096412659e-01</leafValues></_></weakClassifiers></_>
    <!-- stage 8 -->
    <_>
      <maxWeakCount>8</maxWeakCount>
      <stageThreshold>-1.5713410377502441e+00</stageThreshold>
      <weakClassifiers>
        <_>
          <internalNodes>
            0 -1 46 -7.9876575618982315e-03</internalNodes>
          <leafValues>
            9.3103450536727905e-01 -6.6194838285446167e-01</leafValues></_>
        <_>
          <internalNodes>
            0 -1 54 6.3516898080706596e-03</internalNodes>
          <leafValues>
            -3.6804634332656860e-01 7.0463448762893677e-01</leafValues></_>
        <_>
          <internalNodes>
            0 -1 24 4.1274353861808777e-04</internalNodes>
          <leafValues>
            2.6983091235160828e-01 -7.7111047506332397e-01</leafValues></_>
        <_>
          <internalNodes>
            0 -1 3 -6.4451451180502772e-04</internalNodes>
          <leafValues>
            1.9772373139858246e-01 -8.0310893058776855e-01</leafValues></_>
        <_>
          <internalNodes>
            0 -1 48 1.1508006602525711e-02</internalNodes>
          <leafValues>
            -2.2053922712802887e-01 8.4531188011169434e-01</leafValues></_>
        <_>
          <internalNodes>
            0 -1 6 -5.0854694563895464e-04</internalNodes>
          <leafValues>
            -6.8695974349975586e-01 2.6954993605613708e-01</leafValues></_>
        <_>
          <internalNodes>
            0 -1 17 1.9536606851033866e-04</internalNodes>
          <leafValues>
            2.7320295572280884e-01 -7.0308417081832886e-01</leafValues></_>
        <_>
          <internalNodes>
            0 -1 58 -1.9507515244185925e-03</internalNodes>
          <leafValues>
            5.5053293704986572e-01 -3.5482755303382874e-01</leafValues></_></weakClassifiers></_>
    <!-- stage 9 -->
    <_>
      <maxWeakCount>6</maxWeakCount>
      <stageThreshold>-1.5163170099258423e+00</stageThreshold>
      <weakClassifiers>
        <_>
          <internalNodes>
            0 -1 52 4.3943868950009346e-03</internalNodes>
          <leafValues>
            -6.8330466747283936e-01 5.4639172554016113e-01</leafValues></_>
        <_>
          <internalNodes>
            0 -1 36 -4.2499499395489693e-03</internalNodes>
          <leafValues>
            6.9854825735092163e-01 -3.7255120277404785e-01</leafValues></_>
        <_>
          <internalNodes>
            0 -1 73 -8.8314397726207972e-04</internalNodes>
          <leafValues>
            -8.3705866336822510e-01 2.1489539742469788e-01</leafValues></_>
        <_>
          <internalNodes>
            0 -1 81 9.2563941143453121e-04</internalNodes>
          <leafValues>
            1.7058129608631134e-01 -8.9671045541763306e-01</leafValues></_>
        <_>
          <internalNodes>
            0 -1 14 -8.4358397871255875e-03</internalNodes>
          <leafValues>
            2.9298976063728333e-01 -5.5654501914978027e-01</leafValues></_>
        <_>
          <internalNodes>
            0 -1 29 -5.9240898117423058e-03</internalNodes>
          <leafValues>
            6.9266027212142944e-01 -2.8939288854598999e-01</leafValues></_></weakClassifiers></_>
    <!-- stage 10 -->
    <_>
      <maxWeakCount>8</maxWeakCount>
      <stageThreshold>-1.4984587430953979e+00</stageThreshold>
      <weakClassifiers>
        <_>
          <internalNodes>
            0 -1 61 5.9076473116874695e-03</internalNodes>
          <leafValues>
            -6.7609256505966187e-01 5.2173912525177002e-01</leafValues></_>
        <_>
          <internalNodes>
            0 -1 66 5.0723008811473846e-02</internalNodes>
          <leafValues>
            -5.8304637670516968e-01 2.8377231955528259e-01</leafValues></_>
        <_>
          <internalNodes>
            0 -1 20 -1.7964966595172882e-02</internalNodes>
          <leafValues>
            4.7717365622520447e-01 -3.4746211767196655e-01</leafValues></_>
        <_>
          <internalNodes>
            0 -1 53 2.4595074355602264e-03</internalNodes>
          <leafValues>
            -2.2178675234317780e-01 7.5692534446716309e-01</leafValues></_>
        <_>
          <internalNodes>
            0 -1 77 -3.1898031011223793e-05</internalNodes>
          <leafValues>
            -8.1546753644943237e-01 2.3566621541976929e-01</leafValues></_>
        <_>
          <internalNodes>
            0 -1 77 2.8296672098804265e-05</internalNodes>
          <leafValues>
            2.1998183429241180e-01 -8.3504360914230347e-01</leafValues></_>
        <_>
          <internalNodes>
            0 -1 35 2.3157722316682339e-03</internalNodes>
          <leafValues>
            -3.6001330614089966e-01 5.0099509954452515e-01</leafValues></_>
        <_>
          <internalNodes>
            0 -1 4 6.6605361644178629e-04</internalNodes>
          <leafValues>
            2.3429432511329651e-01 -8.2518970966339111e-01</leafValues></_></weakClassifiers></_>
    <!-- stage 11 -->
    <_>
      <maxWeakCount>7</maxWeakCount>
      <stageThreshold>-1.3634606599807739e+00</stageThreshold>
      <weakClassifiers>
        <_>
          <internalNodes>
            0 -1 43 -2.1434393711388111e-03</internalNodes>
          <leafValues>
            6.1538463830947876e-01 -6.6807788610458374e-01</leafValues></_>
        <_>
          <internalNodes>
            0 -1 49 2.5168061256408691e-03</internalNodes>
          <leafValues>
            -3.5902991890907288e-01 5.6786984205245972e-01</leafValues></_>
        <_>
          <internalNodes>
            0 -1 18 -8.1871645525097847e-03</internalNodes>
          <leafValues>
            2.9811215400695801e-01 -5.7007187604904175e-01</leafValues></_>
        <_>
          <internalNodes>
            0 -1 62 1.8292079039383680e-04</internalNodes>
          <leafValues>
            -2.7350932359695435e-01 6.3919854164123535e-01</leafValues></_>
        <_>
          <internalNodes>
            0 -1 10 7.6184816658496857e-02</internalNodes>
          <leafValues>
            1.9050602614879608e-01 -9.6250545978546143e-01</leafValues></_>
        <_>
          <internalNodes>
            0 -1 22 7.7694565057754517e-02</internalNodes>
          <leafValues>
            -7.0425474643707275e-01 3.3597201108932495e-01</leafValues></_>
        <_>
          <internalNodes>
            0 -1 8 -2.3583139409311116e-04</internalNodes>
          <leafValues>
            -8.1324285268783569e-01 1.5279300510883331e-01</leafValues></_></weakClassifiers></_>
    <!-- stage 12 -->
    <_>
      <maxWeakCount>7</maxWeakCount>
      <stageThreshold>-1.2860838174819946e+00</stageThreshold>
      <weakClassifiers>
        <_>
          <internalNodes>
            0 -1 40 -6.7262602970004082e-03</internalNodes>
          <leafValues>
            5.0000000000000000e-01 -6.7036718130111694e-01</leafValues></_>
        <_>
          <internalNodes>
            0 -1 7 3.7556149065494537e-02</internalNodes>
          <leafValues>
            -6.4787131547927856e-01 2.0061506330966949e-01</leafValues></_>
        <_>
          <internalNodes>
            0 -1 9 -4.1060596704483032e-02</internalNodes>
          <leafValues>
            1.7004548013210297e-01 -7.6668697595596313e-01</leafValues></_>
        <_>
          <internalNodes>
            0 -1 56 1.4446319546550512e-03</internalNodes>
          <leafValues>
            -5.6939053535461426e-01 2.9995489120483398e-01</leafValues></_>
        <_>
          <internalNodes>
            0 -1 16 4.0444722399115562e-03</internalNodes>
          <leafValues>
            1.8451559543609619e-01 -9.4689106941223145e-01</leafValues></_>
        <_>
          <internalNodes>
            0 -1 5 -2.0405070972628891e-04</internalNodes>
          <leafValues>
            -6.2651920318603516e-01 2.1615733206272125e-01</leafValues></_>
        <_>
          <internalNodes>
            0 -1 11 9.8345481092110276e-05</internalNodes>
          <leafValues>
            1.5258982777595520e-01 -8.1765955686569214e-01</leafValues></_></weakClassifiers></_>
    <!-- stage 13 -->
    <_>
      <maxWeakCount>9</maxWeakCount>
      <stageThreshold>-9.7131216526031494e-01</stageThreshold>
      <weakClassifiers>
        <_>
          <internalNodes>
            0 -1 57 5.5788229219615459e-03</internalNodes>
          <leafValues>
            -6.6164153814315796e-01 7.5384616851806641e-01</leafValues></_>
        <_>
          <internalNodes>
            0 -1 44 -2.0434917882084846e-02</internalNodes>
          <leafValues>
            5.5608326196670532e-01 -3.5684129595756531e-01</leafValues></_>
        <_>
          <internalNodes>
            0 -1 84 -7.3408515891060233e-04</internalNodes>
          <leafValues>
            -9.1840475797653198e-01 2.0478415489196777e-01</leafValues></_>
        <_>
          <internalNodes>
            0 -1 71 5.2721995860338211e-02</internalNodes>
          <leafValues>
            1.6628453135490417e-01 -8.9003890752792358e-01</leafValues></_>
        <_>
          <internalNodes>
            0 -1 55 -1.8788832239806652e-03</internalNodes>
          <leafValues>
            6.1102247238159180e-01 -2.5599458813667297e-01</leafValues></_>
        <_>
          <internalNodes>
            0 -1 37 1.4175215037539601e-03</internalNodes>
          <leafValues>
            -1.9695973396301270e-01 7.4044334888458252e-01</leafValues></_>
        <_>
          <internalNodes>
            0 -1 63 2.3487057536840439e-02</internalNodes>
          <leafValues>
            -5.9706574678421021e-01 2.7032899856567383e-01</leafValues></_>
        <_>
          <internalNodes>
            0 -1 34 -5.0839245319366455e-02</internalNodes>
          <leafValues>
            -6.6116541624069214e-01 2.4325421452522278e-01</leafValues></_>
        <_>
          <internalNodes>
            0 -1 59 2.6250248774886131e-03</internalNodes>
          <leafValues>
            -2.4427083134651184e-01 6.5813416242599487e-01</leafValues></_></weakClassifiers></_></stages>
  <features>
    <_>
      <rects>
        <_>
          0 5 1 63 -1.</_>
        <_>
          0 26 1 21 3.</_></rects>
      <tilted>0</tilted></_>
    <_>
      <rects>
        <_>
          0 10 5 30 -1.</_>
        <_>
          0 25 5 15 2.</_></rects>
      <tilted>0</tilted></_>
    <_>
      <rects>
        <_>
          0 17 20 8 -1.</_>
        <_>
          10 17 10 8 2.</_></rects>
      <tilted>0</tilted></_>
    <_>
      <rects>
        <_>
          0 18 1 52 -1.</_>
        <_>
          0 44 1 26 2.</_></rects>
      <tilted>0</tilted></_>
    <_>
      <rects>
        <_>
          0 26 1 18 -1.</_>
        <_>
          0 32 1 6 3.</_></rects>
      <tilted>0</tilted></_>
    <_>
      <rects>
        <_>
          0 27 2 8 -1.</_>
        <_>
          0 31 2 4 2.</_></rects>
      <tilted>0</tilted></_>
    <_>
      <rects>
        <_>
          0 29 3 10 -1.</_>
        <_>
          0 34 3 5 2.</_></rects>
      <tilted>0</tilted></_>
    <_>
      <rects>
        <_>
          0 29 42 30 -1.</_>
        <_>
          21 29 21 30 2.</_></rects>
      <tilted>0</tilted></_>
    <_>
      <rects>
        <_>
          0 30 1 12 -1.</_>
        <_>
          0 34 1 4 3.</_></rects>
      <tilted>0</tilted></_>
    <_>
      <rects>
        <_>
          0 35 28 34 -1.</_>
        <_>
          0 52 28 17 2.</_></rects>
      <tilted>0</tilted></_>
    <_>
      <rects>
        <_>
          0 52 50 8 -1.</_>
        <_>
          25 52 25 8 2.</_></rects>
      <tilted>0</tilted></_>
    <_>
      <rects>
        <_>
          0 62 3 7 -1.</_>
        <_>
          1 62 1 7 3.</_></rects>
      <tilted>0</tilted></_>
    <_>
      <rects>
        <_>
          0 62 2 8 -1.</_>
        <_>
          1 62 1 8 2.</_></rects>
      <tilted>0</tilted></_>
    <_>
      <rects>
        <_>
          0 64 3 5 -1.</_>
        <_>
          1 64 1 5 3.</_></rects>
      <tilted>0</tilted></_>
    <_>
      <rects>
        <_>
          1 5 19 16 -1.</_>
        <_>
          1 13 19 8 2.</_></rects>
      <tilted>0</tilted></_>
    <_>
      <rects>
        <_>
          1 12 30 54 -1.</_>
        <_>
          11 12 10 54 3.</_></rects>
      <tilted>0</tilted></_>
    <_>
      <rects>
        <_>
          1 26 1 36 -1.</_>
        <_>
          1 38 1 12 3.</_></rects>
      <tilted>0</tilted></_>
    <_>
      <rects>
        <_>
          1 28 1 10 -1.</_>
        <_>
          1 33 1 5 2.</_></rects>
      <tilted>0</tilted></_>
    <_>
      <rects>
        <_>
          2 5 18 20 -1.</_>
        <_>
          2 15 18 10 2.</_></rects>
      <tilted>0</tilted></_>
    <_>
      <rects>
        <_>
          2 16 30 13 -1.</_>
        <_>
          12 16 10 13 3.</_></rects>
      <tilted>0</tilted></_>
    <_>
      <rects>
        <_>
          2 26 10 35 -1.</_>
        <_>
          7 26 5 35 2.</_></rects>
      <tilted>0</tilted></_>
    <_>
      <rects>
        <_>
          2 28 28 42 -1.</_>
        <_>
          2 49 28 21 2.</_></rects>
      <tilted>0</tilted></_>
    <_>
      <rects>
        <_>
          2 48 48 22 -1.</_>
        <_>
          26 48 24 22 2.</_></rects>
      <tilted>0</tilted></_>
    <_>
      <rects>
        <_>
          3 10 39 7 -1.</_>
        <_>
          16 10 13 7 3.</_></rects>
      <tilted>0</tilted></_>
    <_>
      <rects>
        <_>
          3 67 14 3 -1.</_>
        <_>
          10 67 7 3 2.</_></rects>
      <tilted>0</tilted></_>
    <_>
      <rects>
        <_>
          4 11 27 22 -1.</_>
        <_>
          13 11 9 22 3.</_></rects>
      <tilted>0</tilted></_>
    <_>
      <rects>
        <_>
          4 12 46 9 -1.</_>
        <_>
          27 12 23 9 2.</_></rects>
      <tilted>0</tilted></_>
    <_>
      <rects>
        <_>
          5 11 36 2 -1.</_>
        <_>
          17 11 12 2 3.</_></rects>
      <tilted>0</tilted></_>
    <_>
      <rects>
        <_>
          5 16 24 13 -1.</_>
        <_>
          13 16 8 13 3.</_></rects>
      <tilted>0</tilted></_>
    <_>
      <rects>
        <_>
          5 50 8 11 -1.</_>
        <_>
          9 50 4 11 2.</_></rects>
      <tilted>0</tilted></_>
    <_>
      <rects>
        <_>
          6 2 13 24 -1.</_>
        <_>
          6 14 13 12 2.</_></rects>
      <tilted>0</tilted></_>
    <_>
      <rects>
        <_>
          6 60 21 8 -1.</_>
        <_>
          6 64 21 4 2.</_></rects>
      <tilted>0</tilted></_>
    <_>
      <rects>
        <_>
          8 56 42 13 -1.</_>
        <_>
          29 56 21 13 2.</_></rects>
      <tilted>0</tilted></_>
    <_>
      <rects>
        <_>
          10 46 21 6 -1.</_>
        <_>
          10 48 21 2 3.</_></rects>
      <tilted>0</tilted></_>
    <_>
      <rects>
        <_>
          10 53 36 13 -1.</_>
        <_>
          22 53 12 13 3.</_></rects>
      <tilted>0</tilted></_>
    <_>
      <rects>
        <_>
          11 4 12 6 -1.</_>
        <_>
          15 4 4 6 3.</_></rects>
      <tilted>0</tilted></_>
    <_>
      <rects>
        <_>
          12 45 20 6 -1.</_>
        <_>
          12 47 20 2 3.</_></rects>
      <tilted>0</tilted></_>
    <_>
      <rects>
        <_>
          13 43 22 3 -1.</_>
        <_>
          13 44 22 1 3.</_></rects>
      <tilted>0</tilted></_>
    <_>
      <rects>
        <_>
          14 53 36 17 -1.</_>
        <_>
          32 53 18 17 2.</_></rects>
      <tilted>0</tilted></_>
    <_>
      <rects>
        <_>
          15 2 22 39 -1.</_>
        <_>
          15 15 22 13 3.</_></rects>
      <tilted>0</tilted></_>
    <_>
      <rects>
        <_>
          15 39 21 6 -1.</_>
        <_>
          15 41 21 2 3.</_></rects>
      <tilted>0</tilted></_>
    <_>
      <rects>
        <_>
          16 24 21 33 -1.</_>
        <_>
          16 35 21 11 3.</_></rects>
      <tilted>0</tilted></_>
    <_>
      <rects>
        <_>
          16 29 22 6 -1.</_>
        <_>
          16 31 22 2 3.</_></rects>
      <tilted>0</tilted></_>
    <_>
      <rects>
        <_>
          16 48 23 3 -1.</_>
        <_>
          16 49 23 1 3.</_></rects>
      <tilted>0</tilted></_>
    <_>
      <rects>
        <_>
          17 25 27 12 -1.</_>
        <_>
          17 29 27 4 3.</_></rects>
      <tilted>0</tilted></_>
    <_>
      <rects>
        <_>
          17 26 17 9 -1.</_>
        <_>
          17 29 17 3 3.</_></rects>
      <tilted>0</tilted></_>
    <_>
      <rects>
        <_>
          17 30 19 6 -1.</_>
        <_>
          17 32 19 2 3.</_></rects>
      <tilted>0</tilted></_>
    <_>
      <rects>
        <_>
          17 34 15 36 -1.</_>
        <_>
          17 52 15 18 2.</_></rects>
      <tilted>0</tilted></_>
    <_>
      <rects>
        <_>
          18 36 18 9 -1.</_>
        <_>
          18 39 18 3 3.</_></rects>
      <tilted>0</tilted></_>
    <_>
      <rects>
        <_>
          18 47 17 6 -1.</_>
        <_>
          18 49 17 2 3.</_></rects>
      <tilted>0</tilted></_>
    <_>
      <rects>
        <_>
          18 59 32 11 -1.</_>
        <_>
          34 59 16 11 2.</_></rects>
      <tilted>0</tilted></_>
    <_>
      <rects>
        <_>
          18 65 32 2 -1.</_>
        <_>
          34 65 16 2 2.</_></rects>
      <tilted>0</tilted></_>
    <_>
      <rects>
        <_>
          19 44 9 6 -1.</_>
        <_>
          19 46 9 2 3.</_></rects>
      <tilted>0</tilted></_>
    <_>
      <rects>
        <_>
          19 48 14 4 -1.</_>
        <_>
          19 50 14 2 2.</_></rects>
      <tilted>0</tilted></_>
    <_>
      <rects>
        <_>
          20 30 20 6 -1.</_>
        <_>
          20 32 20 2 3.</_></rects>
      <tilted>0</tilted></_>
    <_>
      <rects>
        <_>
          20 41 16 6 -1.</_>
        <_>
          20 43 16 2 3.</_></rects>
      <tilted>0</tilted></_>
    <_>
      <rects>
        <_>
          21 0 10 18 -1.</_>
        <_>
          26 0 5 18 2.</_></rects>
      <tilted>0</tilted></_>
    <_>
      <rects>
        <_>
          21 28 9 6 -1.</_>
        <_>
          21 30 9 2 3.</_></rects>
      <tilted>0</tilted></_>
    <_>
      <rects>
        <_>
          22 17 21 1 -1.</_>
        <_>
          29 17 7 1 3.</_></rects>
      <tilted>0</tilted></_>
    <_>
      <rects>
        <_>
          22 45 7 6 -1.</_>
        <_>
          22 47 7 2 3.</_></rects>
      <tilted>0</tilted></_>
    <_>
      <rects>
        <_>
          22 46 8 6 -1.</_>
        <_>
          22 48 8 2 3.</_></rects>
      <tilted>0</tilted></_>
    <_>
      <rects>
        <_>
          23 25 20 6 -1.</_>
        <_>
          23 27 20 2 3.</_></rects>
      <tilted>0</tilted></_>
    <_>
      <rects>
        <_>
          24 45 3 3 -1.</_>
        <_>
          24 46 3 1 3.</_></rects>
      <tilted>0</tilted></_>
    <_>
      <rects>
        <_>
          25 57 24 13 -1.</_>
        <_>
          37 57 12 13 2.</_></rects>
      <tilted>0</tilted></_>
    <_>
      <rects>
        <_>
          26 17 10 48 -1.</_>
        <_>
          26 33 10 16 3.</_></rects>
      <tilted>0</tilted></_>
    <_>
      <rects>
        <_>
          27 14 15 29 -1.</_>
        <_>
          32 14 5 29 3.</_></rects>
      <tilted>0</tilted></_>
    <_>
      <rects>
        <_>
          27 20 15 42 -1.</_>
        <_>
          27 34 15 14 3.</_></rects>
      <tilted>0</tilted></_>
    <_>
      <rects>
        <_>
          28 36 1 34 -1.</_>
        <_>
          28 53 1 17 2.</_></rects>
      <tilted>0</tilted></_>
    <_>
      <rects>
        <_>
          29 14 12 19 -1.</_>
        <_>
          33 14 4 19 3.</_></rects>
      <tilted>0</tilted></_>
    <_>
      <rects>
        <_>
          34 13 9 5 -1.</_>
        <_>
          37 13 3 5 3.</_></rects>
      <tilted>0</tilted></_>
    <_>
      <rects>
        <_>
          34 15 10 10 -1.</_>
        <_>
          39 15 5 10 2.</_></rects>
      <tilted>0</tilted></_>
    <_>
      <rects>
        <_>
          40 4 10 64 -1.</_>
        <_>
          40 36 10 32 2.</_></rects>
      <tilted>0</tilted></_>
    <_>
      <rects>
        <_>
          44 2 6 68 -1.</_>
        <_>
          44 36 6 34 2.</_></rects>
      <tilted>0</tilted></_>
    <_>
      <rects>
        <_>
          45 43 1 20 -1.</_>
        <_>
          45 53 1 10 2.</_></rects>
      <tilted>0</tilted></_>
    <_>
      <rects>
        <_>
          46 49 3 21 -1.</_>
        <_>
          46 56 3 7 3.</_></rects>
      <tilted>0</tilted></_>
    <_>
      <rects>
        <_>
          46 56 4 14 -1.</_>
        <_>
          46 63 4 7 2.</_></rects>
      <tilted>0</tilted></_>
    <_>
      <rects>
        <_>
          46 62 4 1 -1.</_>
        <_>
          48 62 2 1 2.</_></rects>
      <tilted>0</tilted></_>
    <_>
      <rects>
        <_>
          46 67 3 3 -1.</_>
        <_>
          47 67 1 3 3.</_></rects>
      <tilted>0</tilted></_>
    <_>
      <rects>
        <_>
          46 68 2 2 -1.</_>
        <_>
          47 68 1 2 2.</_></rects>
      <tilted>0</tilted></_>
    <_>
      <rects>
        <_>
          47 39 1 15 -1.</_>
        <_>
          47 44 1 5 3.</_></rects>
      <tilted>0</tilted></_>
    <_>
      <rects>
        <_>
          47 42 3 19 -1.</_>
        <_>
          48 42 1 19 3.</_></rects>
      <tilted>0</tilted></_>
    <_>
      <rects>
        <_>
          47 42 2 18 -1.</_>
        <_>
          47 51 2 9 2.</_></rects>
      <tilted>0</tilted></_>
    <_>
      <rects>
        <_>
          48 36 1 18 -1.</_>
        <_>
          48 42 1 6 3.</_></rects>
      <tilted>0</tilted></_>
    <_>
      <rects>
        <_>
          49 28 1 42 -1.</_>
        <_>
          49 42 1 14 3.</_></rects>
      <tilted>0</tilted></_>
    <_>
      <rects>
        <_>
          49 44 1 24 -1.</_>
        <_>
          49 52 1 8 3.</_></rects>
      <tilted>0</tilted></_></features></cascade>
</opencv_storage>
